,word1,word2,tag,BTag,label
0,a,viSvasan,Tn,T,T
1,SaSAfka,vakwre,Bsu,B,B
2,ni,veSanam,Tp,T,T
3,SAswra,niwyAH,Bs6,B,B
4,mArga,AyAsasya,T6,T,T
5,Arya,varwmanaH,Bs6,B,B
6,sa,uxyogam,BvS,B,B
7,maXya,XArAyAm,T1,T,T
8,vExya,vyapASrayAH,Bs6,B,B
9,a,BIruwvam,Tn,T,T
10,bIja,AxIni,Bs6,B,B
11,apAlA,aBiXAnA,K7,K,T
12,sa,SabxaH,BvS,B,B
13,sa,Palam,BvS,B,B
14,vi,krewuM,Tp,T,T
15,wapo,XanAH,Bs6,B,B
16,xAnavIra,nAmnA,Bs6,B,B
17,suKa,uxayAn,Bs7,B,B
18,nir,Bayena,Bvp,B,B
19,nikqwi,prajFaH,Bs6,B,B
20,saw,BAvaM,K1,K,T
21,IRA,xanwena,Bs6,B,B
22,sa,aparAXaH,BvS,B,B
23,mahaw,aSanaH,Bs6,B,B
24,eka,agryaM,Bs6,B,B
25,apa,karRaNam,Tp,T,T
26,wri,lokam,K1,K,T
27,kqwa,AhnikaH,Bs6,B,B
28,mAlavIya,Bavane,T6,T,T
29,unmawwa,rAkRasaH,K1,K,T
30,svinna,gAwraH,Bs6,B,B
31,inxra,wulyaH,T3,T,T
32,mlAna,vaxanaH,Bs6,B,B
33,sa,viswaram,BvS,B,B
34,pApa,rakRAMsi,K3,K,T
35,pAxa,guNAH,T6,T,T
36,upa,wiRTawi,A1,A,A
37,pata,putakam,T6,T,T
38,saMskqwa,BArawyAH,K1,K,T
39,xqDa,vikramaH,Bs6,B,B
40,prawi,icCakaH,A1,A,A
41,saMmAna,SuSrURA,Ds,D,D
42,viSAla,kAyam,Bs6,B,B
43,kqwa,vErANAm,Bs3,B,B
44,pawi,gqhe,T6,T,T
45,UrNa,nABiH,Bs6,B,B
46,Xarma,vqwwaM,Bs6,B,B
47,jvara,anwe,T6,T,T
48,viciwra,vyavahAreNa,K1,K,T
49,giri,guhAm,T6,T,T
50,bahu,viXAnAm,K1,K,T
51,SaSa,afkaH,Bs6,B,B
52,paFcasahasra,rASim,K1,K,T
53,pra,vrajiwe,Tp,T,T
54,cIna,xeSaH,K7,K,T
55,smiwa,pUrvakam,BvS,B,B
56,mahA,aparAXAH,Bs6,B,B
57,paFca,rAwrikA,Bvsp,B,B
58,mAwulifga,niBAH,T3,T,T
59,anu,rUpaM,A1,A,A
60,laGu,kAlaH,K1,K,T
61,uxaf,muKaM,Bs6,B,B
62,prawi,koNam,A1,A,A
63,apa,arWakam,Tp,T,T
64,mahaw,manwriNam,K1,K,T
65,AkarRaNa,vikarRaNena,Ds,D,D
66,svasWa,cewA,Bs6,B,B
67,upajAwa,vismaya,Bs4,B,B
68,wilaka,Axi,Bs6,B,B
69,Akula,hqxayasya,K1,K,T
70,xivya,cakRuBiH,Bs6,B,B
71,amAwya,vallaBAnAM,K1,K,T
72,kqwa,Agasam,Bs3,B,B
73,niyawa,mAnasaH,Bs3,B,B
74,saha,carAH,BvS,B,B
75,avyakwa,AwmA,Bs6,B,B
76,anwara,AwmA,K1,K,T
77,sa,uwsAhena,BvS,B,B
78,AjFA,vaSAw,T6,T,T
79,pra,xAwQn,Tp,T,T
80,siMhAsana,ArUDaH,T7,T,T
81,na,avalokya,Tn,T,T
82,kAla,prawIkRaNam,T6,T,T
83,uw,vigna,Tp,T,T
84,RodaSa,guNam,Bs6,B,B
85,sahasra,guH,Bs6,B,B
86,wri,vAram,Tds,T,T
87,kAma,ASayaH,Bs6,B,B
88,gawa,manyuH,Bs5,B,B
89,kawipaya,janAnAm,K1,K,T
90,xqRti,bANAH,K6,K,T
91,alpa,buxZXiByaH,Bs6,B,B
92,sawya,saMXAw,Bs6,B,B
93,rukmiNI,AxyAH,Bs6,B,B
94,a,kqwvA,Tn,T,T
95,gawa,asuM,Bs5,B,B
96,sva,geham,T6,T,T
97,sa,Avegam,BvS,B,B
98,Kinna,ASayAH,Bs6,B,B
99,alpa,sAraH,Bs7,B,B
100,XErya,vqwweH,Bs6,B,B
101,rAja,prAsAxam,T6,T,T
102,prasannawA,pUrvakam,Bs7,B,B
103,a,mawsarI,Tn,T,T
104,na,nimeRAByAm,Bsmn,B,B
105,Sukla,varNam,Bs6,B,B
106,uwWAna,SIlaH,Bs6,B,B
107,sa,uwkleSaH,BvS,B,B
108,pra,wArakANAm,Tp,T,T
109,mahenxra,niyogAw,T6,T,T
110,cariwa,vrawAH,Bs6,B,B
111,sWira,pOruRAn,Bs6,B,B
112,Rat,karmasu,Tds,T,T
113,nara,rAkRasaH,K7,K,T
114,niwya,uxyukwAH,T2,T,T
115,xaSaraWa,AxiBiH,Bs6,B,B
116,maXya,ahnaH,T1,T,T
117,viRa,hawAH,T3,T,T
118,xUra,saMsWaH,K1,K,T
119,Xarma,kuSalAH,T7,T,T
120,sa,BrAwqkasya,BvS,B,B
121,kArya,sixXaye,T6,T,T
122,kRINa,SakwiH,Bs6,B,B
123,sarva,xakRiNaH,Bs6,B,B
124,na,saxqSI,Tn,T,T
125,sarva3,vyUhEH,K1,K,T
126,vi,mawasya,Tp,T,T
127,na,paviwrAM,Tn,T,T
128,sa,praNAmaM,BvS,B,B
129,prawi,xawwam,Tp,T,T
130,kRINa,kAyam,Bs6,B,B
131,rawna,parIkRakANAm,T6,T,T
132,eka,vixyaH,Bs6,B,B
133,sa,punarnavam,BvS,B,B
134,BArawa,sarvakAraH,T6,T,T
135,wyakwa,ApaxaH,Bs3,B,B
136,agni,rUpam,Bs6,B,B
137,nimiliwa,newra,Bs6,B,B
138,Siva,AxyEH,Bs6,B,B
139,AxarSa,xampawI,K1,K,T
140,sarva,pApAnAM,K1,K,T
141,ORaXa,maFjURAm,T6,T,T
142,pari,samApya,Tp,T,T
143,maha,AwmAnaH,K1,K,T
144,mAwrA,AxiH,Bs6,B,B
145,nir,jaleByaH,Bs6,B,B
146,a,vaXyAH,Tn,T,T
147,prawi,niSam,A1,A,A
148,awi,XArmikam,Tp,T,T
149,rAja,xarSanIyA,T3,T,T
150,xawwa,AxaraH,Bs3,B,B
151,SUla,pANiH,Bs7,B,B
152,wapwa,SIwaM,K3,K,T
153,su,laBam,Tp,T,T
154,peya,apeyaM,DiV,D,D
155,SuBa,karmANaH,Bs6,B,B
156,ahava,jewAraH,T7,T,T
157,rAjya,SAsane,T6,T,T
158,aXika,maXurasya,Bs6,B,B
159,hqwa,jFAnAH,Bs6,B,B
160,bahu,xoRasya,Bs7,B,B
161,vigawa,pApaH,Bs5,B,B
162,su,XUpiwaH,Tp,T,T
163,sa,sIwaH,BvS,B,B
164,BAryA,xviwIya,K4,K,T
165,Agama,saMyukwaM,T3,T,T
166,yukwi,yukwEH,T3,T,T
167,lajjA,aruNam,T6,T,T
168,na,nqNyam,Tn,T,T
169,awIwa,upaXAn,Bs6,B,B
170,Amoxa,pramoxam,Ds,D,D
171,puRti,kAmAH,Bs6,B,B
172,wapas,vane,T6,T,T
173,cAra,newraH,Bs6,B,B
174,a,svapanaM,Tn,T,T
175,varma,newram,Ds,D,D
176,yaWA,BAgaM,A1,A,A
177,saf?koca,SIlA,Bs6,B,B
178,prawisaMhqwa,aMSuH,Bs3,B,B
179,iRtaka,uwWAw,T5,T,T
180,apagawa,sanwApam,Bs5,B,B
181,viSve,xevAH,K1,K,T
182,sa,SrIkawA,BvS,B,B
183,vyAmiSra,Awma,Bs6,B,B
184,XAnA,muRtim7,Bs6,B,B
185,lavaNa,varjyAH,Bs7,B,B
186,yaWA,ipsiwam,A1,A,A
187,su,gamam,Tp,T,T
188,waw,saxqSaH,T3,T,T
189,moxaka,KAxyEH,K1,K,T
190,mahaw,ASayAH,Bs6,B,B
191,an,awisnehaH,Tn,T,T
192,wvaramANa,maNdanA,Bs6,B,B
193,su,BARiwAm,K1,K,T
194,sa,sqjire,BvS,B,B
195,mahA,mAyasya,Bs6,B,B
196,A,sAyam,Tp,T,T
197,a,vijFAwaM,Tn,T,T
198,arXa,rAwrasya,T1,T,T
199,nir,vqnwA,Bvp,B,B
200,sa,xArANAM,BvS,B,B
201,Srowra,AxIni,Bs6,B,B
202,samapa,varjiwe,A1,A,A
203,SmaSru,rahiwa,T3,T,T
204,Bagna,KadgO,Bs6,B,B
205,rakRi,puruREH,K1,K,T
206,sarva,samAramBaH,K1,K,T
207,a,pariNAmi,Tn,T,T
208,ruxran,seviwaH,T3,T,T
209,pApa,rAkRasaH,K1,K,T
210,inxra,AxyAH,Bs6,B,B
211,Suci,kAmam,T7,T,T
212,sawya,Palena,T6,T,T
213,na,yukwam,Tn,T,T
214,sena,aXikAriNA,T6,T,T
215,nir,BayaM,Bs7,B,B
216,awi,vilambiwam,Tp,T,T
217,rakwa,paxmEH,K1,K,T
218,yojana,anwariwa,T5,T,T
219,xqDa,manaskA,Bs6,B,B
220,vara,yAwri,T6,T,T
221,anavarawa,niHsqwEH,K1,K,T
222,paxma,ayuwaM,Bss,B,B
223,uwwara,kriyAm,K1,K,T
224,nir,AramBaH,Bs6,B,B
225,na,brAhmaNyam,Tn,T,T
226,ruci,pUrvakam,Bs7,B,B
227,pUrva,vEraM,K1,K,T
228,Saswra,pANayaH,Bs6,B,B
229,vit,mUwraM,Ds,D,D
230,krUra,BUwAni,T2,T,T
231,sarvakAla,vicArI,T7,T,T
232,vAwa,parikRaye,T6,T,T
233,suvarNa,praBaH,BvU,B,B
234,BIma,vegEH,Bs6,B,B
235,su,anurakwA,K1,K,T
236,sAXu,mahABAgena,K2,K,T
237,SIla,mUlA,Bs6,B,B
238,maw,prapOwram,T6,T,T
239,Sruwi,parAyaNAH,T7,T,T
240,sAXu,mahASayam,K2,K,T
241,na,icCAm,Tn,T,T
242,vixiwa,AwmanA,Bs3,B,B
243,xarSana,uwsukAnAm,T6,T,T
244,SIla,xoReNa,T6,T,T
245,kusuma,XanvanaH,Bs6,B,B
246,asurAmbikA,nAmikA,Bs6,B,B
247,a,SocanwaH,Tn,T,T
248,kaPa,karma,T6,T,T
249,na,safKyAwAH,Tn,T,T
250,xur,bala,Bvp,B,B
251,harRa,varRam,T6,T,T
252,nibaxXa,wAlakam,Bs6,B,B
253,na,cinwayaw,Tn,T,T
254,SuBa,AwmanAm,Bs6,B,B
255,caraNa,kamalam,K5,K,T
256,paFcaSawa,rupyakANi,K1,K,T
257,sawya,saMkASAH,Bs6,B,B
258,peya,Axi,Bs6,B,B
259,Avega,pUrvakam,Bs5,B,B
260,kAla,saMcoxiwA,T3,T,T
261,mahA,mUlAH,Bs6,B,B
262,kiM,gowrA,Bs6,B,B
263,waw,Awma,Bs6,B,B
264,xawwa,vaswuni,K1,K,T
265,xqRti,pAwa,T3,T,T
266,na,SAnwaH,Tn,T,T
267,nayana2,aSrUNi,T5,T,T
268,mallikA,nAmikayA,Bs6,B,B
269,prakqwi,SIwAH,Bs6,B,B
270,sa,Akulam,BvS,B,B
271,na,calaH,Tn,T,T
272,sa,parivArA,BvS,B,B
273,uxaXi,niBam,T3,T,T
274,sa,nAgaram,BvS,B,B
275,mahA,buxXiH,Bs6,B,B
276,paryavaxAwa,SruwAH,Bs6,B,B
277,pari,wyajya,Tg,T,T
278,waw,svaBAvAw,T6,T,T
279,sax,vacanam,T6,T,T
280,viruxXa,upakramaH,Bs6,B,B
281,vaswra,ABURaNam,Ds,D,D
282,pUwa,pApmAnaH,K1,K,T
283,praveRtu,kAmA,Bs6,B,B
284,bahu,viswaram,Bvsp,B,B
285,nir,buxXiH,Bvp,B,B
286,hawa,bAnXavA,Bs6,B,B
287,vexa,ukwAH,T3,T,T
288,evaM,viXena,Bs6,B,B
289,nir,BayAH,Bs6,B,B
290,Agama,niScayAw,T7,T,T
291,maha,qxXiM,Bs6,B,B
292,su,niSiwaH,K1,K,T
293,an,qwAw,Tn,T,T
294,xur,ganXa,Tp,T,T
295,BArawIya,mahilA,K1,K,T
296,paFca,guNAH,Tds,T,T
297,hqRta,romA,Bs6,B,B
298,yukwi,safgawam,T3,T,T
299,xvi,viXaM,Bvsp,B,B
300,sva,BAryAm,T6,T,T
301,a,saMKyAkam,Bsmn,B,B
302,Xarma,Asanam,T6,T,T
303,vqRa,garBaH,Bs6,B,B
304,upari,BAge,K1,K,T
305,mawsya,pASe,T6,T,T
306,uxyawa,SAsanam,Bs6,B,B
307,xeha,mArxavam,T6,T,T
308,a,waWyAn,Tn,T,T
309,Xarma,aviroXinaH,T6,T,T
310,rOxra,praxarSinaH,T6,T,T
311,xurjana,AcariwaM,T3,T,T
312,kumBI,XAnyEH,Bs6,B,B
313,gawa,Agawam,DiV,D,D
314,aBi,gamya,Tg,T,T
315,su,vIryam,Bs7,B,B
316,su,guNam,Bs6,B,B
317,rakwa,sPulifgA,K1,K,T
318,rAjIva,locana,BsU,B,B
319,vi,mukwena,Tp,T,T
320,na,viGnena,Tn,T,T
321,prawyakRa,XarmANaH,Bs6,B,B
322,pra,SikRiwA,Tp,T,T
323,Bavaw,praxawwAni,T6,T,T
324,BIma,parAkramaH,Bs6,B,B
325,spaRta,xaNdasya,Bs6,B,B
326,nir,aMkuSaH,Bvp,B,B
327,a,yukwawA,Tn,T,T
328,an,asUyakaH,Bsmn,B,B
329,Amra,Palena,K7,K,T
330,mUrKa,pragalBena,DiV,D,D
331,xaSan,AwmA,Bs6,B,B
332,sa,vixyuwaH,BvS,B,B
333,SleRma,aXikaH,Bs7,B,B
334,Saswra,niwyaH,Bs7,B,B
335,viviXa,aswrANAm,K1,K,T
336,xaSa,parAn,Bvsp,B,B
337,sajjana,BARiwam,T3,T,T
338,na,sAPalyam,Tn,T,T
339,a,saMKyeyA,Tn,T,T
340,mawsya,maXye,T6,T,T
341,prawiveSi,rAjye,T6,T,T
342,vixyA,aXikam,T3,T,T
343,guru,kAya,K1,K,T
344,loka,sAkRikam,Bs6,B,B
345,xamana,maharReH,K7,K,T
346,a,rogaH,Bsmn,B,B
347,xuRta,mexasaH,Bs7,B,B
348,na,SivABiH,Tn,T,T
349,bAbU,mahASayasya,K2,K,T
350,mAMsa,asqk,Ds,D,D
351,brAhmaNa,qRaBe,K5,K,T
352,piwq,AxO,Bs6,B,B
353,kRamA,niwyaH,Bs7,B,B
354,ku,pAwrakEH,K1,K,T
355,sneha,pUrvaH,T3,T,T
356,prawi,pUjayan,Tp,T,T
357,rAjya,AxiBiH,Bs6,B,B
358,kiMkarwavya,vimUDA,T3,T,T
359,lakRmaNa,reKayA,K1,K,T
360,XUma,kewana,Bs6,B,B
361,su,rakRiwA,Tp,T,T
362,pra,karwavyaM,Tp,T,T
363,pApa,buxXiH,Bs6,B,B
364,nir,upAyA,Bvp,B,B
365,aRtan,xikRu,Km,K,T
366,vijiwa,inxriyaH,Bs3,B,B
367,vikqwa,ceRtO,Bs6,B,B
368,na,SocyAn,Tn,T,T
369,niH,Bayasya,Bs5,B,B
370,kRAma,nivAraNam,T6,T,T
371,kRINa,kalmaRAH,Bs6,B,B
372,BikRA,jIvina,Bs6,B,B
373,manuja,wApasena,K2,K,T
374,sa,lAjam,BvS,B,B
375,sva,janeRu,T6,T,T
376,sahasra,aMSuH,Bs6,B,B
377,nArAyaNan,samaH,Bs6,B,B
378,aBIRta,hanane,K1,K,T
379,muni,veRAH,Bv,B,B
380,uRNa,woye,K1,K,T
381,sa,sarRapaM,BvS,B,B
382,wri,vikrame,Bs6,B,B
383,SiRta,AkqwiH,K1,K,T
384,inxra,AxyAn,Bs6,B,B
385,saMSraya,vAsinAm,T6,T,T
386,Awma,wyAgI,T6,T,T
387,paviwra,mOliH,Bs6,B,B
388,wvaw,arWam,T4,T,T
389,kAla,parIwaH,T3,T,T
390,Cinna,sWUNaM,Bs3,B,B
391,sva,BAgyam,T6,T,T
392,eka,vaswrAM,Bs6,B,B
393,gADa,varcasaH,Bs6,B,B
394,waw,prapUrwO,T6,T,T
395,piSiwa,aSanaH,Bs6,B,B
396,prAk,muKaH,Bs6,B,B
397,nir,IhaM,Bs6,B,B
398,parama,sunxarI,K1,K,T
399,yAna,praveSAya,T7,T,T
400,varAha,rUpiNaM,Bs6,B,B
401,buxZXi,mohiwaH,T6,T,T
402,sa,vixyAnAm,BvS,B,B
403,a,sakqw,Tn,T,T
404,hawa,rAjAni,Bs6,B,B
405,paFca,varRasya,Tdt,T,T
406,yaWA,viXam,A1,A,A
407,viRaNNa,vaxanaH,Bs6,B,B
408,vyavahAra,patuH,T7,T,T
409,bahu,SruwaH,Bs6,B,B
410,Saf?kiwa,ciwwA,Bs6,B,B
411,vikrama,buxXayaH,Bs6,B,B
412,paviwriwa,lokaH,Bs6,B,B
413,na,vaSa,Tn,T,T
414,a,viXavA,Bsmn,B,B
415,karpUragOra,aBiXAnam,Bs6,B,B
416,viBakwa3,puRpaH,Bs7,B,B
417,asmawa,gqham,T6,T,T
418,sama,xuHKasuKaH,Bs6,B,B
419,arXa,canxram,K1,K,T
420,sa,rOkRyam,BvS,B,B
421,a,nisqRtAni,Tn,T,T
422,Awma,guNEH,K1,K,T
423,Sukla,puRpANi,K1,K,T
424,laguda,AyuXEH,Bs6,B,B
425,pracCanna3,rawna,Bs7,B,B
426,xivaH,okasaH,Bs6,B,B
427,xivA,rAwraM,DiV,D,D
428,sa,BeRajA,BvS,B,B
429,ku,cakram,Tk,T,T
430,na,boXA,Tn,T,T
431,vAnara,SAvakaH,T6,T,T
432,su,mafgalI,Tp,T,T
433,nir,ASA,BvP,B,B
434,xus,warAm,Bsp,B,B
435,arha,varNaM,K1,K,T
436,Xarma,ArAmAH,Bs6,B,B
437,pANi,svanikAH,Bs6,B,B
438,maw,vqkReRu,T6,T,T
439,apa,varNiwam,Tp,T,T
440,cawurviMSawi,pafkajam,Km,K,T
441,mAyA,upajIvanaH,Bs6,B,B
442,upa,sWiwAnAm,Tp,T,T
443,sva,maNdam,Tg,T,T
444,su,vAcyAH,Tp,T,T
445,an,uwwamaH,Bs5,B,B
446,sa,prema,BvS,B,B
447,mqxu,kAle,K1,K,T
448,sva,anuRTiwAH,T7,T,T
449,Gora,Awmane,K1,K,T
450,sa,pawnIkAya,BvS,B,B
451,eka,agrawAM,T2,T,T
452,kqpANa,haswam,Bs6,B,B
453,xAra,nispqhaH,T7,T,T
454,amara,saMkASaH,T6,T,T
455,uwWAna,XIraM,T7,T,T
456,nir,xayaM,Bvp,B,B
457,rAjya,sevAyAm,T6,T,T
458,sa,paricCaxaH,BvS,B,B
459,gulPa,pAxeRu,Ds,D,D
460,eka,nikewanAH,Bs6,B,B
461,sva,cariwEH,T3,T,T
462,kotara,Alayam,Bs6,B,B
463,SeRa,jIvanam,K1,K,T
464,nir,arWA,Bs5,B,B
465,afgaxa,AxIn,Bs6,B,B
466,sa,kranxam,BvS,B,B
467,lamba,kUrcam,Bs6,B,B
468,vqxXi,AxIn,Bs6,B,B
469,kalpa,sAXyam,T3,T,T
470,na,parigrahe,Tn,T,T
471,xala,agram,T6,T,T
472,kqwa,arWaH,Bs6,B,B
473,manorama,AgAra,K1,K,T
474,na,vyaBicAreNa,Bsmn,B,B
475,kArya,niyukwA,T7,T,T
476,na,aBijFam,Tn,T,T
477,vi,nirmiwam,Tp,T,T
478,na,cewasaH,Bs6,B,B
479,sahana,SIlaH,Bs6,B,B
480,vi,naRtAH,Tp,T,T
481,vi,vqxXeByaH,Tp,T,T
482,a,kRaraM,Bsmn,B,B
483,muni,SApaH,T6,T,T
484,paraspara,ASleRAw,T6,T,T
485,viwwa,parEH,Bs6,B,B
486,A,xAwuM,Tp,T,T
487,SArfga,pANe,Bv,B,B
488,sa,xuKam,BvS,B,B
489,pra,vqwwam,Tp,T,T
490,a,surAH,Tn,T,T
491,sarvaxeva,aBiXasya,K1,K,T
492,sa,anuvAsanEH,BvS,B,B
493,sama,pramuxiwA,T2,T,T
494,praSAsana,anuSAsanam,Ds,D,D
495,sam,AcAraH,Tp,T,T
496,jIvanwi,mUlaM,T6,T,T
497,nivqwwi,lakRaNaH,Bs6,B,B
498,ApoWiwa,agraM,Bs6,B,B
499,eksapresa,AKyA,Bs6,B,B
500,upa,jIvawaH,Tp,T,T
501,a,xravaM,Tn,T,T
502,rakwa,muKaH,Bs6,B,B
503,sa,wvaraH,Bvs,B,B
504,jiwa,AsanO,Bs6,B,B
505,anXakAra,AvqwA,T3,T,T
506,xawwa,ciwwaH,Bs6,B,B
507,roga3,upacAram,T6,T,T
508,sam,AganwukAnAm,Tp,T,T
509,yaw,arWam,T4,T,T
510,jiwa,AwmanA,T3,T,T
511,sahasra,pawiH,T6,T,T
512,yajFa,AwmA,Bs6,B,B
513,nawa,newrayA,Bs6,B,B
514,agniveSa,kqwe,T3,T,T
515,uwa,Aho,A1,A,A
516,manxira,xiSi,T6,T,T
517,BIma,AvarwaH,Bs7,B,B
518,vaswra,putabanXa,T6,T,T
519,sa,viroXam,BvS,B,B
520,mahA,xqwiH,Bs6,B,B
521,yaWA,pUrvaM,A1,A,A
522,bahu,xvAraM,Bs6,B,B
523,sa,BaraxvAjaHn,BvS,B,B
524,viBakwa,anwaram,Bs6,B,B
525,kalA3,vihInaM,T3,T,T
526,na,kiFcanAyA,Tn,T,T
527,RAN,mAsikyAm,Tds,T,T
528,su,xAruNam,Tg,T,T
529,bahu,viGnaM,Bs6,B,B
530,niSA,anviwam,T3,T,T
531,rasa,wanmAwre,K7,K,T
532,rAma,Bavanasya,T6,T,T
533,vixIpwa,wejA,Bs6,B,B
534,Saswra,pANiH,Bs6,B,B
535,sarvva3,oRaXim,K1,K,T
536,sa,mUlaH,BvS,B,B
537,sneha,sOmyawA,T3,T,T
538,bAla,Xvanim,T6,T,T
539,manas,snAnam,T3,T,T
540,XyAna,nimagna,T7,T,T
541,hawa,sUwAn,Bs6,B,B
542,lohiwa,rAjI,Bs7,B,B
543,puruRa,SreRTEH,T6,T,T
544,pariGa,upamEH,T3,T,T
545,Sila,uccayAH,T6,T,T
546,niH,upaxravAH,Tp,T,T
547,saMkalpa,roXasam,Bs6,B,B
548,Agamana,uxxeSam,T6,T,T
549,sarva3,wawwveRu,K1,K,T
550,SAnwa,svaBAvasya,Bs6,B,B
551,jAwa,SabxaM,Bs3,B,B
552,a,pAwraM,Tn,T,T
553,BrukutI,muKAH,Bs7,B,B
554,manxa,AxyEH,Bs6,B,B
555,guNa,upapannAn,T3,T,T
556,nala,AkArAH,Bs6,B,B
557,prawi,puruRam,A1,A,A
558,jAra,prAsAxam,T6,T,T
559,aNda,pipIlikam,Ds,D,D
560,sa,arxXam,BvS,B,B
561,sixXa,haswAH,Bs6,B,B
562,sU,xUram,Tp,T,T
563,vi,lupwa,Tp,T,T
564,su,saMwraswO,K1,K,T
565,xvija,AwiH,Bs6,B,B
566,pari,kalpya,Tg,T,T
567,prawyakRa,rUpAH,Bs6,B,B
568,a,uwwarA,Bsmn,B,B
569,xagXa,pakRaH,Bs6,B,B
570,bAbU,mahAwmanaH,K2,K,T
571,uwwama,afgEH,Bs6,B,B
572,jala,kalaSA,T6,T,T
573,kRipra,pAkA,Bs7,B,B
574,aXyakRa,mahoxayaH,K2,K,T
575,vqRaxaMSa,muKAH,BvU,B,B
576,vexavawI,nAmnA,Bs6,B,B
577,rAya,mahASayam,K2,K,T
578,rasa,oxanam,Ds,D,D
579,a,yuXyamAnaH,Tn,T,T
580,na,pariciwA,Tn,T,T
581,sva,XarmA,T6,T,T
582,Awma,karma,T6,T,T
583,mqxu,swIkRNena,DiV,D,D
584,mugXa,IkRaNA,Bs6,B,B
585,hawa,vIrAH,Bs6,B,B
586,xaSa,saMKyA,K1,K,T
587,nir,buxXeH,Bvp,B,B
588,miwra,vawsalaH,T7,T,T
589,na,aBraH,Tn,T,T
590,na,aSnawaH,Tn,T,T
591,viRaya,ASliRtaM,T3,T,T
592,paFca,AgneyAH,Bvsp,B,B
593,snAna,Axi,Bs6,B,B
594,na,gaNiwAni,Tn,T,T
595,mqcCa,kati,T6,T,T
596,mahA,bAhaH,Bs6,B,B
597,aXimAMsA,abuxaM,Ds,D,D
598,kaRAya,maXuraM,Ds,D,D
599,yaWA,waWam,A1,A,A
600,Bagna,SaswraH,Bs6,B,B
601,gamBIra,woyABiH,Bs6,B,B
602,sa,kalpaM,BvS,B,B
603,pAxa,aBinirvqwwaH,T7,T,T
604,agra,gaNya,T7,T,T
605,lOha,SqMKalA,K1,K,T
606,paxma,nABaM,Bs6,B,B
607,yaWA,ruci,A1,A,A
608,pari,sWiwim,Tp,T,T
609,sva,AjIvikAm,T6,T,T
610,eka,akRaraM,Bs6,B,B
611,aSiwa,AxIni,Bs6,B,B
612,sa,sammAnaM,BvS,B,B
613,BAri,manasA,K1,K,T
614,paFca,afgIM,Bs6,B,B
615,saha,jAwayaH,BvS,B,B
616,upa,spqSya,Tg,T,T
617,sa,Axaram,BvS,B,B
618,na,Aximaw,Tn,T,T
619,SuBa,karmaNi,K1,K,T
620,a,kiMcanaH,Tm,T,T
621,hawa,buxXiRu,Bs6,B,B
622,xakRa,sapwamAn,Bs6,B,B
623,palAyiwu,kAmAH,Bv,B,B
624,maXye,pravAhaM,A7,A,A
625,svAsWya,lABaH,T6,T,T
626,saxXarmma,varwmani,T6,T,T
627,ganXarva,kanyAyAH,T6,T,T
628,upa,arjane,Tp,T,T
629,ucca,aXikAriRu,K1,K,T
630,svakIya,Alinxe,K1,K,T
631,krIwa,citikaH,K1,K,T
632,anu,xAnam,Tp,T,T
633,vijiwa,ariNA,Bs3,B,B
634,pra,harRiwAH,Tp,T,T
635,yukwi,bAhyena,T5,T,T
636,sam,Axqwa,Tp,T,T
637,Svewa,vAhAw,Bs6,B,B
638,safkrAnwi,AxO,Bs6,B,B
639,nUwana,paxAnAm,K1,K,T
640,vqRaBa,SakatyAm,K7,K,T
641,aWarvan,rUpam,Bs6,B,B
642,BU,lokasya,K7,K,T
643,Baya,rasam,K1,K,T
644,canxanapura,nAmni,K7,K,T
645,hari3,ISvaraH,T6,T,T
646,puRpiwa,pAxapam,Bs6,B,B
647,sa,vikAram,Bs3,B,B
648,pUrva,jAnAm,T1,T,T
649,paxA,afgaM,Bs6,B,B
650,aBi,saMSriwAH,Tp,T,T
651,yukwa,ceRtasya,Bs6,B,B
652,sa,karuNam,Bvs,B,B
653,prakASa,AwmA,Bs6,B,B
654,niwya,wqpwAH,Bs6,B,B
655,mahaw,xuHKam,K1,K,T
656,pAnWin,AvAsam,T7,T,T
657,xiva,okasaH,Bs6,B,B
658,Awma,saMsWam,Bs6,B,B
659,viviXa,varNAnAM,Bs6,B,B
660,sa,viniScaye,BvS,B,B
661,na,kiFcana,Bsmn,B,B
662,sam,wqpwi,Tp,T,T
663,guNa,AwmakaM,Bvsp,B,B
664,kArwika,anwe,Bs6,B,B
665,sa,kAmam,BvS,B,B
666,eka,rUpyakasya,K1,K,T
667,prahlAxa,puwraH,T6,T,T
668,buxXi,praxIpena,K6,K,T
669,rAjya,Axi,Bs6,B,B
670,viXi,hInam,T3,T,T
671,yuga,pramANA,Bs6,B,B
672,SreRTa,vaswUni,K1,K,T
673,upa,yukwasya,A1,A,A
674,uxXUwa3,puRpam,Bs6,B,B
675,sapwa,AwmakaM,Bs6,B,B
676,uRNa,saxanaM,K1,K,T
677,kqRNa,pifgalaH,K1,K,T
678,kubera,AyiwEH,T3,T,T
679,brAhmaNa,SreRTaH,K1,K,T
680,nir,maryAxAH,Bs6,B,B
681,kAma,rUpiNI,Bs6,B,B
682,anu,prApya,Tp,T,T
683,kurun,nanxanAH,T6,T,T
684,anu,rUpO,A1,A,A
685,xvi,raxasya,Bs6,B,B
686,su,avaklinnAM,Tp,T,T
687,a,pUrvasya,Bsmn,B,B
688,prakRINa,puNya,Bs6,B,B
689,kRaNa,kAlam,Km,K,T
690,alpa,buxXeH,Bs6,B,B
691,SIwa,uRNe,DiV,D,D
692,aRta,pAxaM,Bs6,B,B
693,na,vicCinnaM,Tn,T,T
694,samApawiwa,sanwApaH,Bs7,B,B
695,xuR,prawiprekRaNIyA,Tp,T,T
696,Sawru,sAXAraNe,Bs7,B,B
697,ORaXa,xravyam,K1,K,T
698,nir,vacanA,BvP,B,B
699,waw,kupraBAveNa,T6,T,T
700,suwa,saMjFAn,Bs6,B,B
701,Awma,kevalawAM,T3,T,T
702,maMca,upayukwam,T7,T,T
703,keSavaSAswri,nAmnA,Bs6,B,B
704,su,wvak,Bs6,B,B
705,gaja3,varam,T7,T,T
706,xviviXa,praBAvaH,Bs6,B,B
707,cAtu,SawEH,T6,T,T
708,miWyA,pravqwwiM,Bs6,B,B
709,sarva3,saMkatAni,K1,K,T
710,sva,AwmanA,T6,T,T
711,Sruwa,vAkyaH,Bs3,B,B
712,xAna,SIle,Bs6,B,B
713,yaWA,iRtaM,A1,A,A
714,sapwa,xinAni,K1,K,T
715,na,prakASya,Tn,T,T
716,parama,vexanayA,K1,K,T
717,cinwana,SIlA,Bs6,B,B
718,XanuR,guNaH,T6,T,T
719,kRawriya,saMkulA,T3,T,T
720,puRkara,newrAya,Bsu,B,B
721,xvi,cawuH,Bss,B,B
722,xvi,guNAyAH,K1,K,T
723,evam,viXaH,Bs6,B,B
724,vi,vqwya,Tg,T,T
725,pApa,kqwyAH,Bs6,B,B
726,nqwya,rawAH,T7,T,T
727,sa,uwkaNTam,BvS,B,B
728,pralambamAna,kAkapakRaH,Bs6,B,B
729,ganXa,wanmAwre,K7,K,T
730,vEnaweya,manxirAw,K7,K,T
731,xur,gawim,Tp,T,T
732,BUwa,vExyena,Bs6,B,B
733,a,gawIn,Bsmn,B,B
734,sa,amAwyAn,BvS,B,B
735,xuHKa,SayyAH,Bs6,B,B
736,pariciwa,wimirA,Bs7,B,B
737,kiraNa,ciwraNam,T6,T,T
738,Agawa,vijFAnaH,Bs6,B,B
739,rasa,guNAn,T6,T,T
740,upa,karwrAriNA,Tp,T,T
741,sa,hqxayasya,Bs6,B,B
742,bahu,mallakEH,Bs6,B,B
743,kqwa,saMskAraH,Bs3,B,B
744,viviXa,lakRaNam,Bs6,B,B
745,brAhmaNa,qRaBam,K5,K,T
746,sa,AnanxaH,BvS,B,B
747,sahasra,SirasaM,Bs6,B,B
748,sAXu,vqwwAn,Bs6,B,B
749,SAswrasammawam),vicAram,Km,K,T
750,maha,AsurAH,K1,K,T
751,nir,Axarasya,Bvp,B,B
752,sa,keyUrA,BvS,B,B
753,rakRi,puruReRu,K1,K,T
754,vIwa,kalmaRam,Bs6,B,B
755,mahaw,xAnam,K1,K,T
756,sa,awiviRAM,BvS,B,B
757,bahu,viGnAni,Bs6,B,B
758,sarva,ABaraNam,K1,K,T
759,saMBinna,xarSanaH,Bs6,B,B
760,XUwa,pApaH,Bs6,B,B
761,a,maraH,Bsmn,B,B
762,goXUma,Axi,Bs6,B,B
763,manwra,AxInAm,Bs6,B,B
764,wulya,karmaNI,Bs6,B,B
765,an,uwwame,Bs5,B,B
766,gaja,ArUDam,T7,T,T
767,svar,lokam,K1,K,T
768,na,SAnwam,Tn,T,T
769,pra,pIdiwA,Tp,T,T
770,saFjAwa,sanxehaH,Bs4,B,B
771,Arya,kakuBaH,K1,K,T
772,vqnxA,rUpeNa,T6,T,T
773,arWa,vyApArAH,Bs6,B,B
774,vIra,bAlakAnAm,K1,K,T
775,rAjan,xampawyO,T6,T,T
776,xIrGa,AyuH,Bs6,B,B
777,a,kUjanena,Tn,T,T
778,prawivexana,Axi,Bs6,B,B
779,sa,agraM,BvS,B,B
780,xravya,AxinA,Bs6,B,B
781,ugra,karmANaH,Bs6,B,B
782,wapaH,parAyaNAH,Bs6,B,B
783,sam,inXanAni,Tp,T,T
784,sarva,arWeRu,K1,K,T
785,saha,mawyA,BvS,B,B
786,rAwri,anwe,T6,T,T
787,kqwa,pariSramaH,Bs3,B,B
788,sva,xAyiwvaM,T6,T,T
789,a,vismayaH,Bsmn,B,B
790,mUrKa,aXipam,T6,T,T
791,prawi,saMmiSriwe,A1,A,A
792,saM,rakRyAn,Tp,T,T
793,na,SoRyaH,Tn,T,T
794,SreRTa,buxXiH,K1,K,T
795,glAna,parNAnAM,Bs6,B,B
796,A,kaNTam,A1,A,A
797,roga,vimukwaH,T3,T,T
798,sarva3,AramBEH,K1,K,T
799,gAnXarva,vivAhasya,K7,K,T
800,na,mAnuRi,Tn,T,T
801,su,prasAxaH,Bs6,B,B
802,pUjA,AxinA,Bs6,B,B
803,paraM,wapAH,Bs6,B,B
804,eka,vqwwiH,Bs6,B,B
805,kAma,akAmO,DiV,D,D
806,pra,xAnAya,Tp,T,T
807,na,SeRAH,Tn,T,T
808,na,lolupwvam,Tn,T,T
809,anu,mawi,Tp,T,T
810,Sraw,xaXAnaH,T2,T,T
811,sa,avaXAna,BvS,B,B
812,awikRipwa,manoraWaH,Bs6,B,B
813,suhqx,vqwaH,T3,T,T
814,na,pariciwO,Tn,T,T
815,nir,AkAraH,Tp,T,T
816,a,kramaH,Tn,T,T
817,aXi,RTAnaM,A1,A,A
818,vaMSAnucariwa,AxeH,Bs6,B,B
819,sam,Anayaw,Tp,T,T
820,mahAnasa,pAwrANi,K1,K,T
821,anya,viRayeRu,K1,K,T
822,SArmaNI,Axi,Bs6,B,B
823,eka,cCawrAM,Bs6,B,B
824,aprawima,Ojase,Bs6,B,B
825,kqwa,wvarA,Bs3,B,B
826,na,prasannaH,Tn,T,T
827,marma,upaGAwI,T6,T,T
828,labXa,sanwAnaH,Bs6,B,B
829,mukwa,wvacaH,Bs6,B,B
830,uxara,poRaNam,T6,T,T
831,a,hiwAya,Tn,T,T
832,warjanI,AxO,Bs6,B,B
833,a,kalmaRAn,Bsmn,B,B
834,sWAvara,jafgamam,Ds,D,D
835,RodaSa,Awmakam,Bs6,B,B
836,AruDa,saMSayaH,Bs7,B,B
837,anu,xinam,A1,A,A
838,praSAnwa,roRaH,Bs6,B,B
839,xravya,saMcayaH,K5,K,T
840,manwra,afgAni,Bs6,B,B
841,sixXi,BUmikAm,K1,K,T
842,viRa,AkulEH,T3,T,T
843,Bagna,samAXiH,Bs6,B,B
844,su,snAwaH,Tp,T,T
845,yajFakRapiwa,kalmaRAH,T3,T,T
846,maruwwara,yAnam,K7,K,T
847,ava,Apya,Tg,T,T
848,haraxeva,AKyaH,Bs6,B,B
849,xIrGa,prajFaH,Bs6,B,B
850,nanxi,grAmam_K1,K1,K,T
851,samavanawa,Siras,Bs6,B,B
852,a,SeReNa,Tn,T,T
853,jFAna,Awmane,K1,K,T
854,meru,maXye,T6,T,T
855,pawnI,muKa,T6,T,T
856,Xarma,upasWaH,T7,T,T
857,varwwi,arWam,T4,T,T
858,sa,sEnyam,BvS,B,B
859,hIraka,pUriwA,T3,T,T
860,BAva,AwmikA,Bs6,B,B
861,manwra,SAlAyAm,T6,T,T
862,Xarma,cCaxmA,Bs6,B,B
863,bahu,rUpa,K1,K,T
864,naya,anayO,DiV,D,D
865,manwra,SakwiH,T6,T,T
866,samuxra,muxrA,Bs6,B,B
867,a,BakRyam,Tn,T,T
868,gawa,sawwvA,Bs6,B,B
869,Gora,xarSanaH,Bs6,B,B
870,na,urvarA,Tn,T,T
871,prawi,karmma,A1,A,A
872,sa,apawrapaH,BvS,B,B
873,priya,rAjakaH,Bs6,B,B
874,vArwA,AlApaH,Ds,D,D
875,su,Goram,Tp,T,T
876,cira,vyavasAyine,K1,K,T
877,gawa,asavaH,Bs6,B,B
878,na,Alocya,Tn,T,T
879,vara,varNinI,Bs6,B,B
880,prawi,afgam,A1,A,A
881,saha,uwsAham,BvS,B,B
882,mArga,BraRtO,T5,T,T
883,sa,pidakAH,BvS,B,B
884,vAk,balAH,Bs6,B,B
885,praviBakwa,pakRaH,Bs6,B,B
886,Xarma,aXarmO,DiV,D,D
887,aBi,yukwaH,Tp,T,T
888,siMhAsana,ArohaNena,T7,T,T
889,Sama,parAyaNAn,Bs6,B,B
890,yaWA,icCam,A1,A,A
891,anu,jFApya,Tg,T,T
892,paxArWa,jAwam,T3,T,T
893,pra,aXyApakena,Tp,T,T
894,na,anumawasya,Tn,T,T
895,xqDZa,niScayAm,Bs6,B,B
896,Xarma,AxIn,Bs6,B,B
897,sajjanawva,kAraNa,K7,K,T
898,an,iRtAnAM,Tn,T,T
899,buxXi,vEBavam,K1,K,T
900,AXAna,AxIni,Bs6,B,B
901,kilakila,rAvaH,K6,K,T
902,xivya,SakwInAm,K1,K,T
903,na,sahAyAm,Tn,T,T
904,wyakwa,AwmAnaH,Bs6,B,B
905,wulya,vqwwayaH,Bs6,B,B
906,nava,xvAre,Bs7,B,B
907,eka,manA,Bs6,B,B
908,a,wiWim,Bs6,B,B
909,keSava,arjunayoH,Ds,D,D
910,sAXu,ukwam,K1,K,T
911,ucca,aXikAriNam,K1,K,T
912,paFca,karmA,Bs6,B,B
913,xAsya,eSvaryaM,Ds,D,D
914,yaWA,iRtam,A1,A,A
915,ananwara,kAle,K7,K,T
916,rAjakIya,mahAvixyAlaye,K1,K,T
917,vyavahAra,pravqwwAnAM,T7,T,T
918,svexa,yogyena,T4,T,T
919,hqxaya,manyuH,T6,T,T
920,SikRaNa,saMsWAnAm,T6,T,T
921,prahaswa,pramuKAH,Bs6,B,B
922,SayyA,Asane,K1,K,T
923,BIwa,yAnayA,Bs6,B,B
924,SIrRa,virecane,T6,T,T
925,eka,kRaNena,K1,K,T
926,na,yogyaH,Tn,T,T
927,Avqwa,mArga,K1,K,T
928,arWa,anarWO,DiV,D,D
929,sam,lagnaH,Tp,T,T
930,sa,cakiwaH,BvS,B,B
931,saFjAwa,vimawi,K1,K,T
932,eka,SIlAH,Bs6,B,B
933,a,kopayan,Tn,T,T
934,sarga,AxiH,Bs6,B,B
935,piSiwa,ASanaH,Bs6,B,B
936,mahaw,balam,Bs6,B,B
937,pra,NIwAyAM,Tp,T,T
938,ABURaNa,AxIni,Bs6,B,B
939,Saswra,pANInAm,Bv,B,B
940,saha,sAXyAH,Bvs,B,B
941,bAhu,balinaH,Bs6,B,B
942,prawi,xAnam,A1,A,A
943,sva,mAnasasya,T6,T,T
944,nis,svAxu,Bvp,B,B
945,apAlA,sama,Bv,B,B
946,vexa,varjiwAH,T3,T,T
947,yaWA,parimANam,A1,A,A
948,xyUwa,Awma,T6,T,T
949,Gora,niSAyAm,K1,K,T
950,rafga,maXye,T6,T,T
951,sa,parivArakAH,BvS,B,B
952,puwra,sahasrikAH,Bs6,B,B
953,viRaya,viBexam,T6,T,T
954,a,snAwaH,Tn,T,T
955,na,pAwreByaH,Tn,T,T
956,bahu,karxamAn,Bvsp,B,B
957,apara,ahNaH,T1,T,T
958,iwyAxi,leKAn,K1,K,T
959,wrivqw,SirAH,Bs6,B,B
960,cariwa,arWaH,Bs6,B,B
961,maw,saMsWAm,Bs6,B,B
962,gawa,vyaWaH,Bs6,B,B
963,a,SraxXeyam,Tn,T,T
964,hawa,buxXiH,Bs6,B,B
965,rAma,AxyAH,Bs6,B,B
966,yaWA,gawam,A1,A,A
967,Basma,avaSeRAn,T6,T,T
968,kqSa,grIvaH,Bs6,B,B
969,BraRta,ESvaryaM,Bs6,B,B
970,sa,puwrAm,BvS,B,B
971,a,jFena,Tn,T,T
972,Rac,guNaH,Bs6,B,B
973,hqwa3,nayanAH,Bs6,B,B
974,prApwa,aBiRekaH,Bs3,B,B
975,xAna,niwyaH,T7,T,T
976,sWiwa,XIH,Bs6,B,B
977,guNa,prakarRaH,Bv,B,B
978,na,aBijFaH,Tn,T,T
979,wax,upASrayaH,Bs6,B,B
980,vaMSa,hInaH,T3,T,T
981,karNa2,kuharANi,T6,T,T
982,xvEXI,BAvaH,Tds,T,T
983,nir,vikAraH,Bsmn,B,B
984,vacana,BraRtaH,T3,T,T
985,Baya,hewum,Bs6,B,B
986,na,pESunam,Bsmn,B,B
987,ana,apawrapaNa,Tn,T,T
988,su,saMpannaM,K1,K,T
989,maXura,pAnIyA,Bs6,B,B
990,na,pUrvasya,Bsmn,B,B
991,viSvawaH,muKam,Bs6,B,B
992,a,svAxuH,Tn,T,T
993,xeha,ASriwam,T3,T,T
994,an,arWasya,Bsmn,B,B
995,amiwra,viRayam,Bs6,B,B
996,kapola,kalpiwAyA,T3,T,T
997,sa,prajAH,BvS,B,B
998,cala,ciwwa,K1,K,T
999,mAFjiRTa,rAga,K1,K,T
1000,anekaviXa,kalpanA,K1,K,T
1001,manxa,AxaraH,Bs6,B,B
1002,nir,jIvaH,Bs5,B,B
1003,BAviwa,AwmA,Bs6,B,B
1004,raNa,priyAH,Bs6,B,B
1005,kAma,hewunA,Bs6,B,B
1006,Sawa,guNAn,Bs6,B,B
1007,saw,guNaH,K1,K,T
1008,afga,xeSasya,K7,K,T
1009,na,afgaH,Bsmn,B,B
1010,arxXa,buBukRiwaH,K1,K,T
1011,ku,xeSe,K1,K,T
1012,waw,niRTAH,Bs6,B,B
1013,prawi,grAmam,A1,A,A
1014,Canxa,mqwyuH,Bs6,B,B
1015,SAraxa,kOmuxI,Bsu,B,B
1016,sa,bale,BvS,B,B
1017,akRa,mAwraM,Bs6,B,B
1018,aXi,AwmA,A1,A,A
1019,Canxa,anuroXena,T6,T,T
1020,yajFa3,arWAni,Bs6,B,B
1021,pra,sarawi,Tp,T,T
1022,sa,cewAH,BvS,B,B
1023,prApwa,kAle,T7,T,T
1024,uxaka,SIlaH,Bs6,B,B
1025,uxIrNa,manasaH,Bs6,B,B
1026,sa,makRikE,BvS,B,B
1027,Arjava,saMBqwEH,T5,T,T
1028,brahmANda,saFjFikAm,Bs6,B,B
1029,sa,SAkam,BvS,B,B
1030,Bakwa3,uwwamaH,T7,T,T
1031,sva,buxZXyA,T6,T,T
1032,kqwa,prayawnaH,Bs3,B,B
1033,jiwa,SramAH,Bs3,B,B
1034,hArixra,varNe,Bs6,B,B
1035,SrInivAsa,nAmnA,Bs6,B,B
1036,sa,pariSramam,BvS,B,B
1037,sa,parivyayam,BvS,B,B
1038,su,vIryaH,Bs6,B,B
1039,bahu,paSuH,Bs6,B,B
1040,saMkalpa,mUlAH,Bs6,B,B
1041,swena,kAryam,T6,T,T
1042,ninxiwa,mawiH,Bs6,B,B
1043,pIwa,SoNiwam,Bs6,B,B
1044,maXura,ABARA,Bs6,B,B
1045,niH,snehA,Bs5,B,B
1046,pra,harRiwaH,Tp,T,T
1047,uxIrNa,xoRa,K1,K,T
1048,SikRA,aXikAriNA,T6,T,T
1049,pra,vqxXam,Tp,T,T
1050,uxAra,manasAM,Bs6,B,B
1051,a,vikAre,Bsmn,B,B
1052,Ahawa,pAxAH,Bs6,B,B
1053,na,vyayaM,Bsmn,B,B
1054,Sawa,varRaH,Bs6,B,B
1055,paxma,AkAre,BvU,B,B
1056,roga,mArgaH,T6,T,T
1057,vigawa,cewanaH,Bs6,B,B
1058,vExya,mahoxayaH,K2,K,T
1059,uxbuxXa,buxXiH,Bs6,B,B
1060,xur,AwmaBiH,Bsmg,B,B
1061,apahasiwA,wanuH,Bs6,B,B
1062,pari,cArakAH,Tp,T,T
1063,paxmAvawI,nAmnA,Bs6,B,B
1064,Axiwya,sanniBEH,Bsu,B,B
1065,A,xinam,A1,A,A
1066,su,SoBanaH,Tg,T,T
1067,sa,kaPaH,BvS,B,B
1068,katAha,samIpam,T6,T,T
1069,JaFJA,vAyuH,K7,K,T
1070,caFcala,newra,Bs6,B,B
1071,nihawa,xviRaH,Bs6,B,B
1072,xIrGa,sUwraH,Bs6,B,B
1073,xarSana,arWam,T4,T,T
1074,kqwa,upaxeSAH,Bs6,B,B
1075,kapAla,mAlinI,Bs6,B,B
1076,pra,vrajiwaH,Tp,T,T
1077,kqwa,BayA,Bs3,B,B
1078,lohiwa,akRaH,Bs6,B,B
1079,skanXa,AvAram,T6,T,T
1080,prApwa,praSikRaNa,Bs3,B,B
1081,waw,ciwwAH,Bv,B,B
1082,anna,pAnasya,Ds,D,D
1083,prApwa,yOvanAm,Bs3,B,B
1084,ava,guNTanam,Tp,T,T
1085,pari,sWiwi,Tp,T,T
1086,aya,jeyAni,T3,T,T
1087,mAyA,SawaXarAH,Bs6,B,B
1088,xIna,manAH,Bs6,B,B
1089,anu,kRaNam,A1,A,A
1090,upayogiwva,parIkRaNam,T6,T,T
1091,jIva,saMjIvanena,T6,T,T
1092,lubXa,buxXiRu,Bs6,B,B
1093,lakRmaNa,ASvAsiwaH,T3,T,T
1094,ni,kqwanwi,Tp,T,T
1095,na,sahAyA,Tn,T,T
1096,vi,rUpa,Tp,T,T
1097,apa,hqwaM,Tp,T,T
1098,sva,sanwAnAnAM,T6,T,T
1099,su,wapasvinO,Bs6,B,B
1100,na,vyakwam,Tn,T,T
1101,pAwaMjala,mahABARyam,K1,K,T
1102,upaxvAra,sixXaye,T6,T,T
1103,vi,manaskA,Bvp,B,B
1104,kroXa,SIlaH,Bs6,B,B
1105,na,mqwam,Tn,T,T
1106,hiMsA,paraH,Bs6,B,B
1107,sa,xayam,BvS,B,B
1108,Xarma,kAmaM,Bs6,B,B
1109,ni,rawaH,Tp,T,T
1110,mokRa,wanwram,T6,T,T
1111,mahaw,ASayaH,Bs6,B,B
1112,kqRNa,SilayA,K1,K,T
1113,IrRyA,kaRAyiwa,T3,T,T
1114,sa,vEBavam,BvS,B,B
1115,parama,paripUwAyAH,K1,K,T
1116,alpa,PalAn,Bs6,B,B
1117,sarva,SreRTam,T7,T,T
1118,pIwa,ABaH,Bs6,B,B
1119,evaM,viXEH,Bs5,B,B
1120,sarayU,naxyAm,K7,K,T
1121,paryApwa,vacanAn,Bs6,B,B
1122,yaWArWa,mAnAH,Bs6,B,B
1123,mAnasika,yAwanAm,K1,K,T
1124,pari,vewwA,A1,A,A
1125,pafka,xigXaH,T3,T,T
1126,yaWA,kaWaFciw,A1,A,A
1127,lAja,ganXi,BvU,B,B
1128,rakRiwa,AwmanaH,Bs6,B,B
1129,sa,sikawAH,BvS,B,B
1130,a,anwarIyam,Bsmn,B,B
1131,su,BagaM,K1,K,T
1132,sarRapa,SAkaM,T6,T,T
1133,sa,sAXu,BvS,B,B
1134,loka,pAlEH,T6,T,T
1135,karwavya,boXena,T6,T,T
1136,nAnA,viXa,Bs6,B,B
1137,maNirAma,AKyasya,Bs6,B,B
1138,aSru3,pUriwe,T3,T,T
1139,anu,jAnIhi,Tp,T,T
1140,viRaNNa,hqxayaH,Bs6,B,B
1141,paMdiwa,mahoxayasya,K7,K,T
1142,na,AwmanaH,Bsmn,B,B
1143,pra,xarSanIyaH,Tp,T,T
1144,manas,javEH,BsU,B,B
1145,a,wanxriNA,Bsmn,B,B
1146,saMSiwa,vrawaH,Bs6,B,B
1147,kawara,kulAnvayaH,K1,K,T
1148,BUwa,AxInAm,Bs6,B,B
1149,na,jeyam,Tn,T,T
1150,manxa,hAsyam,K1,K,T
1151,aXika,BArena,K1,K,T
1152,xaNda,haswa,Bs6,B,B
1153,aBi,vAxya,Tg,T,T
1154,aBinava,yOvanAm,Bs6,B,B
1155,sa,rAgaM,BvS,B,B
1156,Bqwya,praNASaH,T6,T,T
1157,nyAya,vqwwiM,Bs6,B,B
1158,Sruwi,samakAlam,T6,T,T
1159,aXaH,vaxanam,Bs6,B,B
1160,kroXa,pafkAM,Bs6,B,B
1161,gafgA,suwaH,T6,T,T
1162,lavaNa,AxyEH,Bs6,B,B
1163,na,patu,Tn,T,T
1164,hqxaya,ASriwaH,T2,T,T
1165,uxBUwa,arWaM,Bs5,B,B
1166,paFcasahasra,Awmakam,K1,K,T
1167,pra,kRipwA,Tp,T,T
1168,na,arhANi,Tn,T,T
1169,mUla3,mUrwiBiH,K1,K,T
1170,mAMsa,ruciH,Bs6,B,B
1171,hqxaya,aBinna,T6,T,T
1172,paMdiwa,mahoxaya,K7,K,T
1173,kalifga,nAWam,T6,T,T
1174,sa,cewasaH,BvS,B,B
1175,vajra,pANiH,Bv,B,B
1176,xAna,rucayaH,Bs6,B,B
1177,sa,amarRam,BvS,B,B
1178,sa,suganXaH,BvS,B,B
1179,nAnA,viXAH,K1,K,T
1180,RodaSa,AwmakaH,Bvsp,B,B
1181,mahaw,bAhuH,Bs6,B,B
1182,sa,jIvaH,BvS,B,B
1183,sa,SaraH,BvS,B,B
1184,Ananxa,magnA,T7,T,T
1185,guru,AxInAm,Bs6,B,B
1186,BraRta,ESvaryeNa,Bs6,B,B
1187,a,prakqwe,Tn,T,T
1188,yakRa,xAnavAn,K1,K,T
1189,xvAra,pAlanam,T6,T,T
1190,jAwa,pakRAH,Bs6,B,B
1191,koSa,mUlaM,Bs6,B,B
1192,pra,kqRtaM,Tp,T,T
1193,pIwa,asiwaM,Ds,D,D
1194,sa,kuRTe,BvS,B,B
1195,mahA,ASayA,Bs6,B,B
1196,mahA,sawwvAH,Bs6,B,B
1197,wrayoxaSa,varRa,Tdt,T,T
1198,sawya,vrawaH,Bs6,B,B
1199,A,hiNdanam,A1,A,A
1200,niR,kAma,A1,A,A
1201,viRNu,ukwAm,T3,T,T
1202,na,pUrvAw,Bsmn,B,B
1203,yaWA,uxxeSam,A1,A,A
1204,Pala,mUlAni,Bs6,B,B
1205,pra,lInaH,Tp,T,T
1206,bahu,vawsaram,K1,K,T
1207,prawyuwpanna,mawi,K1,K,T
1208,jFAwa,sArAH,Bs3,B,B
1209,xIna,manasaM,Bs6,B,B
1210,waw,AkramaNam,T6,T,T
1211,kArya,anwareNa,Tm,T,T
1212,nir,vexaM,Tp,T,T
1213,asmax,viXaH,Bs6,B,B
1214,a,nirvexam,Bsmn,B,B
1215,BU,vinAyakam,Ds,D,D
1216,afgaxa,AxayaH,Bs6,B,B
1217,anala,upamAH,Bs6,B,B
1218,rAja,mArge,T6,T,T
1219,rAjan,parivAre,T6,T,T
1220,mahaw,grAmaH,K1,K,T
1221,sawwva,saMjFakaM,Bs6,B,B
1222,Ananxa,mAwrAyA,Tm,T,T
1223,baswi,ASrayA,Bs6,B,B
1224,aByAsa,aBinaye,T6,T,T
1225,kqwa,kAryam,Bs3,B,B
1226,na,viGnam,Tn,T,T
1227,graha,paweH,T6,T,T
1228,bahir,BAga,A1,A,A
1229,anwarafga,saKinA,K1,K,T
1230,na,svasWA,Tn,T,T
1231,ekAnwa,SIlinaH,Bs6,B,B
1232,SAnwa,manAH,Bs6,B,B
1233,paxa3,SawAni,T6,T,T
1234,OrXva,xehi,K1,K,T
1235,arxXa,pawiwam,K1,K,T
1236,haswa,gawam,T3,T,T
1237,rAya,mahoxayasya,K2,K,T
1238,agni,vqxXiH,T6,T,T
1239,lAva,kapiFjalam,Ds,D,D
1240,kArya,kalApena,T6,T,T
1241,a,hiwAn,Tn,T,T
1242,anya,apaSakunaM,T6,T,T
1243,BUmi,vivAxam,T6,T,T
1244,loBa,AviRtaH,T3,T,T
1245,sva,SarIrasya,T6,T,T
1246,viSafka,mAnA,Bv,B,B
1247,lakRya,Bexenam,T6,T,T
1248,na,sAnniXyAw,Tn,T,T
1249,unnawA,aMsAH,Bs6,B,B
1250,eka,mUrwwO,Km,K,T
1251,sAgara,anwAm,Bs6,B,B
1252,jAnu2,safGattanEH,T3,T,T
1253,hiMsa,ahiMse,DiV,D,D
1254,sarva3,praWamam,T7,T,T
1255,Ipsiwa,anIpsiwAni,DiV,D,D
1256,Sakra,muKAH,Bs6,B,B
1257,a,niwyaH,Tn,T,T
1258,Sawa,krawoH,Bs6,B,B
1259,anulipwa,gAwraM,Bs6,B,B
1260,arxXa,SikRiwA,K1,K,T
1261,sa,purohiwaH,BvS,B,B
1262,bala,hInaH,T3,T,T
1263,wyakwa,jIviwaH,Bs6,B,B
1264,sa,wurafgasya,BvS,B,B
1265,nawa,uwpalaM,Ds,D,D
1266,viwwa,prayojanAH,Bs6,B,B
1267,cira,kAlam,K1,K,T
1268,su,xvAraH,Bs6,B,B
1269,navan,AwmA,Bs6,B,B
1270,bANa,SreRTam,Bs7,B,B
1271,goXA,nimIliwAH,Bs6,B,B
1272,wri,SuklAH,Bvsp,B,B
1273,yaman,kRayam,Bs6,B,B
1274,suKa,SIlaH,Bs6,B,B
1275,na,SakwO,Tn,T,T
1276,labXa,saMjFa,Bs3,B,B
1277,nija,prAsAxam,K1,K,T
1278,kqwa,uxyogA,Bs3,B,B
1279,su,vicAriwam,Tp,T,T
1280,xvixala,kaNAH,T6,T,T
1281,mahaw,qrRiNA,K1,K,T
1282,AcAra,ceRtiwAH,T7,T,T
1283,swrI,sevA,T6,T,T
1284,jvara,AviRtasya,T3,T,T
1285,gamBIra,akRAH,Bs6,B,B
1286,bahu,kAlaH,K1,K,T
1287,vAk,CalawaH,T6,T,T
1288,jaraGarahap,BaginI,K7,K,T
1289,AkRepa,yukwAni,T3,T,T
1290,gqhIwa,pAxaH,Bs6,B,B
1291,sevA,vihInAnAm,T3,T,T
1292,anna,pUriwam,T3,T,T
1293,karNa2,karNikayA,T6,T,T
1294,a,GrANam,Tn,T,T
1295,sa,Sarkaram,BvS,B,B
1296,pra,hasanwa,Tp,T,T
1297,gaNda,SElasya,K7,K,T
1298,na,upalaBya,Tn,T,T
1299,Arya,BUwikaH,K1,K,T
1300,anwima,samaye,K1,K,T
1301,mqxu,BeRaja,K1,K,T
1302,prawi,kaNam,A1,A,A
1303,yaSo,XanEH,Bs6,B,B
1304,agni,AhiwAH,T7,T,T
1305,SAKA,ASrayA,Bs6,B,B
1306,na,pUrvANi,Bs5,B,B
1307,vqwa,avqwO,DiV,D,D
1308,niKila,mahoxayasya,K2,K,T
1309,anu,prApwAH,Bs3,B,B
1310,prasakwa,AwmA,Bs6,B,B
1311,sa,parivAram,BvS,B,B
1312,nir,XanAnAm,Bvp,B,B
1313,alpA,AyuH,Bs6,B,B
1314,vipUwa,AwmA,Bs6,B,B
1315,xIpwa,arciH,Bs6,B,B
1316,manas,vEkalyam,T6,T,T
1317,na,qNaH,Bsmn,B,B
1318,SuBa,mawim,Bs6,B,B
1319,manWara,aBiXAnaH,Bs6,B,B
1320,kapata,patu,T7,T,T
1321,awi,anwaM,A1,A,A
1322,uwwama,arWam,Bs6,B,B
1323,a,jiwaM,Tn,T,T
1324,na,SAMwam,Tn,T,T
1325,calaciwra,aBinewrI,T6,T,T
1326,xuryoXana,AxIn,Bs6,B,B
1327,sikKa,yuvakE,K7,K,T
1328,nir,XanAya,Bvp,B,B
1329,viRa,aviRam,DiV,D,D
1330,vi,cArya,Tg,T,T
1331,uxapAna,uxake,Bs6,B,B
1332,kalka,apewAm,T3,T,T
1333,SiWila,kramaH,Bs6,B,B
1334,yukwa,xaNdaH,Bs6,B,B
1335,maharRi,ramaNena,K1,K,T
1336,sqRti,AxiH,Bs6,B,B
1337,su,veRaM,Bs6,B,B
1338,svarNa,akRarEH,K1,K,T
1339,pariSrama,SIla,Bs6,B,B
1340,hqxaya,parivarwanam,T6,T,T
1341,praSna,arWAn,T6,T,T
1342,rAja,SArxUlaH,K5,K,T
1343,Pala,samqxXiH,T6,T,T
1344,sarvawaH,xiSam,A1,A,A
1345,nir,garBO,Bvp,B,B
1346,kAMsya,BAjanam,T3,T,T
1347,sa,inxriyaM,BvS,B,B
1348,cawur,xaMRtrAH,Bs6,B,B
1349,Bqwa,xArAH,Bs3,B,B
1350,pqWak,viXAH,Bs6,B,B
1351,na,sahAyasya,Bsmn,B,B
1352,kRIra,Axi,Bs6,B,B
1353,viSeRa,vicAriwena,T3,T,T
1354,na,Avqwwim,Tn,T,T
1355,Bagna,mAnasAH,Bs6,B,B
1356,vana,gahanam,Bsu,B,B
1357,arXa,raWaH,Bs6,B,B
1358,xAna,paramparAyA,K1,K,T
1359,xeva,saMjFA,Bs6,B,B
1360,vi,manasaH,Tp,T,T
1361,a,SASvawaH,Tn,T,T
1362,hawa,wviRaH,Bs6,B,B
1363,su,rUpakAH,Bs6,B,B
1364,niwya,vyayA,Bs6,B,B
1365,pApa,vqwwInAM,Bs6,B,B
1366,mArga,uparoXAya,T6,T,T
1367,sa,uwkaNTA,BvS,B,B
1368,prajFAwa,lakRaNe,Bs6,B,B
1369,sIXu,pAwrANAm,T6,T,T
1370,viRaNNa,vaxanA,Bs6,B,B
1371,ugra,AyuXaH,Bs6,B,B
1372,aXigawa,rAjyasya,Bs3,B,B
1373,prasanna,AwmA,Bs6,B,B
1374,sawya,saMgaraH,Bs6,B,B
1375,sa,viMSam,BvS,B,B
1376,vara,wanu,Bs6,B,B
1377,SoNiwa,uxA,Bs6,B,B
1378,iwi,AxiH,Bs6,B,B
1379,BUri,xakRiNAH,Bs7,B,B
1380,sarva,BAvAnAM,K1,K,T
1381,mahA,iRvAsaM,Bs6,B,B
1382,kqRi,BUmiH,T6,T,T
1383,saM,viBajyAH,Tp,T,T
1384,kqwa,AramBAn,Bs3,B,B
1385,ku,XIH,Bs6,B,B
1386,AkASa,lakRaNaH,T6,T,T
1387,sa,piwAmahAH,Bvs,B,B
1388,KatvA,xevyA,K7,K,T
1389,sarva,sawwvAH,Bs6,B,B
1390,viSAla,akRaM,Bs6,B,B
1391,na,wuliwAM,Tn,T,T
1392,xeva,nirmiwam,T3,T,T
1393,mArga,xarSanam,T6,T,T
1394,waw,nikatam,T6,T,T
1395,sa,purohiwam,BvS,B,B
1396,nyaswa,xaNdaH,Bs3,B,B
1397,nawa,SirAH,Bs6,B,B
1398,sa,pipAsaH,BvS,B,B
1399,BIma,vikramAH,Bs6,B,B
1400,su,niSciwaH,K1,K,T
1401,sa,pawnIm,BvS,B,B
1402,sam,upasWApiwam,Tp,T,T
1403,kqwsna,vyavasiwAH,T6,T,T
1404,wapaH,Xanam,Bs6,B,B
1405,sawya,saMXaH,T7,T,T
1406,a,prawimAni,Bs6,B,B
1407,wapas,vanAni,T6,T,T
1408,na,prekRamANA,Tn,T,T
1409,upahawa,inxriyaH,Bs6,B,B
1410,anila,AxiBiH,Bs6,B,B
1411,upa,bruve,A1,A,A
1412,bahu,mAyaH,Bvsp,B,B
1413,nikuFciwa2,jAnuH,Bs6,B,B
1414,su,varNam,Bs6,B,B
1415,sama,xoRO,Bs6,B,B
1416,su,varcasam,Bs6,B,B
1417,nara,aXama,T7,T,T
1418,kRepwu,kAmam,Bs6,B,B
1419,na,kiFcanasya,Bsmn,B,B
1420,sIwA,nAmnA,Bs6,B,B
1421,saM,jIviwaH,Tp,T,T
1422,sam,uxyawaH,Tp,T,T
1423,su,kumArAH,K1,K,T
1424,mahA,sawwve,Bs6,B,B
1425,sa,BqwyAH,BvS,B,B
1426,nija,Asanam,K1,K,T
1427,pqWula,vakRasam,Bs6,B,B
1428,a,sixXiH,Tn,T,T
1429,pUrva,vEram,K1,K,T
1430,sa,cIwkAram,BvS,B,B
1431,na,mAniwvam,Tn,T,T
1432,kqwa,japyO,Bs3,B,B
1433,upa,pannaH,Tp,T,T
1434,su,prasixXAyA,Tp,T,T
1435,sa,balaH,BvS,B,B
1436,xeva,rAjam,T6,T,T
1437,Rat,garBAH,K1,K,T
1438,Axara,pUrvakam,Bs7,B,B
1439,upa,Agawa,Tp,T,T
1440,Bavaw,sevAm,T6,T,T
1441,xur,AcAreNa,Bvp,B,B
1442,parAkrama,prarocakAni,T6,T,T
1443,Svewa,bAlAn,K1,K,T
1444,na,xqSyA,Tn,T,T
1445,prawi,veSya,Tp,T,T
1446,kRawra,samAH,T6,T,T
1447,xagXa,muKaH,Bs6,B,B
1448,prakqwi,varNaH,BvU,B,B
1449,sva,karmaNi,T6,T,T
1450,sanxaRta,oRTaH,Bs3,B,B
1451,na,AxI,Bsmn,B,B
1452,rakwa,pataH,Bs6,B,B
1453,cawuH,xanwaM,Bvsp,B,B
1454,aXika,rasaH,K1,K,T
1455,wriH,niSAyAH,Bs6,B,B
1456,Aganwu,kAmaH,Bv,B,B
1457,xaSa,pUrvAn,Bvsp,B,B
1458,jarjara,gAwra,K1,K,T
1459,rAjya,kAmena,Bs6,B,B
1460,praNava,AxyAm,Bs6,B,B
1461,pANi,gqhIwI,Bs3,B,B
1462,pariGa,bAhavaH,Bs6,B,B
1463,janArxana,sahAye,Bs6,B,B
1464,sa,pawnIkam,BvS,B,B
1465,ewaw,mUlO,Bs6,B,B
1466,nir,Baya,Bvp,B,B
1467,sWUla,lakRyaH,Bs6,B,B
1468,sa,yawnam,Bvs,B,B
1469,sa,jale,BvS,B,B
1470,vAkya,pracoxiwaH,T3,T,T
1471,vinaya,AwmakaH,Bs6,B,B
1472,na,varXamAnaH,Tn,T,T
1473,awi,inxriyam,T2,T,T
1474,xur,viBAvyaM,Tp,T,T
1475,vi,hawAn,Tp,T,T
1476,yuvan,rAjAnAm,K1,K,T
1477,pakvASaya,ASriwe,T2,T,T
1478,suKa,xarSanam,Bs6,B,B
1479,svexa,muKAni,T6,T,T
1480,SAKA,anusAriNaH,T6,T,T
1481,sva,nirxeSane,T6,T,T
1482,asWi,ASrayANAM,Bs6,B,B
1483,upa,ASriwaH,A1,A,A
1484,safkIrNa,viSiKAyAm,K1,K,T
1485,wax,saxqSI,T6,T,T
1486,xur,meXA,Bs6,B,B
1487,BErava,svaraH,Bs6,B,B
1488,sa,SUlaM,BvS,B,B
1489,xur,guNAn,Tp,T,T
1490,Arwa,rUpAM,Bs6,B,B
1491,rakwa,kaNTaH,Bs6,B,B
1492,mala,AyaneRu,T6,T,T
1493,araNya,gamanAw,T7,T,T
1494,ciwra,gawA,T2,T,T
1495,sa,hAhAkAram,BvS,B,B
1496,axBuwa,vikramaH,Bs6,B,B
1497,evam,viXAyAm,Bs5,B,B
1498,bAhu,upaXAnaM,Bs6,B,B
1499,su,aXyakRaH,K1,K,T
1500,guNa,cyuwaH,T5,T,T
1501,para,AwmA,K1,K,T
1502,pApa,niScaye,Bs6,B,B
1503,kRux,Bayam,T5,T,T
1504,a,hiwe,Tn,T,T
1505,evaM,viXayA,Bs5,B,B
1506,yaxu3,kulam,T6,T,T
1507,kati,baxXA,Bs6,B,B
1508,jFAna,upaxeSaM,T6,T,T
1509,guru,vAsare,K7,K,T
1510,SaMsiwa,vrawAH,Bs6,B,B
1511,kaniRTa,Axi,Bs6,B,B
1512,yaWA,samayaM,A1,A,A
1513,jiwa,kroXAH,Bs3,B,B
1514,vigawa,AwmA,Bs6,B,B
1515,viviXa,vqwwAnAM,Bs6,B,B
1516,pra,wApinI,Tp,T,T
1517,nava,yuvakAH,K1,K,T
1518,SOnaka,AxayaH,Bs6,B,B
1519,an,arWEH,Tn,T,T
1520,Pala,vqkRANAm,T6,T,T
1521,Bojana,AXikyena,T6,T,T
1522,BArawIya,nAmaBya,Bs6,B,B
1523,sWUla,jihvAH,Bs6,B,B
1524,kRewra,sImAm,T6,T,T
1525,xqDa,kroXaH,Bs6,B,B
1526,na,SraxxaXAnaH,Tn,T,T
1527,yuxXa,kalAyAm,T6,T,T
1528,xus,prakqwiH,Tp,T,T
1529,puwra,pOwrEH,K1,K,T
1530,sa,upavAsam,BvS,B,B
1531,sva,jAweH,T6,T,T
1532,BavaxIya,karNayoH,K1,K,T
1533,kAla,aRtamEH,Bs6,B,B
1534,manxa,vegAH,Bs6,B,B
1535,maw,yogyaH,T4,T,T
1536,kqwa,mawiH,Bs3,B,B
1537,saMsAra,kAnwAram,K1,K,T
1538,na,nyAyena,Bsmn,B,B
1539,Bagna,manoraWasya,Bs6,B,B
1540,labXa,arWAn,Bs3,B,B
1541,mahaw,awman,Bs6,B,B
1542,roheSAnanxena,uwpAxiwaH,T3,T,T
1543,nanxi,grAma,K7,K,T
1544,uxxIpana,kAraNE,T6,T,T
1545,UrXva,raSmiH,Bs6,B,B
1546,UrXva,vAlaM,K1,K,T
1547,vivqwa,AsyaH,Bs6,B,B
1548,awi,Kinnam,Tp,T,T
1549,na,AyAsaH,Tn,T,T
1550,na,apawyawAyAH,Tn,T,T
1551,saMwyakwa,AwmA,Bs6,B,B
1552,sa,maryAxeRu,Bs6,B,B
1553,awi,xruwaM,A1,A,A
1554,kqwa,nASakaH,K3,K,T
1555,vipula,xravyaM,Bs6,B,B
1556,sam,upasWiwAnAm,Tp,T,T
1557,xeva,asurAH,DiV,D,D
1558,virAtan,praBqwInAM,Bs6,B,B
1559,niwya,viRakwAH,T7,T,T
1560,sa,kAmaH,BvS,B,B
1561,xur,xaSA,Tp,T,T
1562,pra,hqRyan,Tp,T,T
1563,snigXa,akRaM,Bs6,B,B
1564,upa,rAga,Tp,T,T
1565,pANdu,BAvena,T6,T,T
1566,grahaNIya,arWaM,Bs6,B,B
1567,waw,kAlam,K1,K,T
1568,kqRNa,prAvArakam,T6,T,T
1569,hiraNya,varNaH,BsU,B,B
1570,yajFa,pAwrANi,T6,T,T
1571,yogamAyA,samAvqwaH,T3,T,T
1572,saM,viXiH,K1,K,T
1573,waw,URare,T7,T,T
1574,a,puwrA,Bsmn,B,B
1575,ujjvala,kAnwyA,K1,K,T
1576,xarSana,ananwaram,T6,T,T
1577,sa,vEklavyam,BvS,B,B
1578,gqha,svAminA,T6,T,T
1579,wIkRNa,kaNtakAnAm,K1,K,T
1580,brAhmaNa,arpaNa,T4,T,T
1581,suKa,xuHKEH,DiV,D,D
1582,sawya,lokaH,K7,K,T
1583,na,prayacCanwam,Tn,T,T
1584,kqRNa,cakRuRaH,Bs6,B,B
1585,na,kroXaH,Tn,T,T
1586,viwawa,maswakaH,Bs6,B,B
1587,na,AmanwriwA,Tn,T,T
1588,xarpa,xalanam,T6,T,T
1589,su,sUkRmam,Tp,T,T
1590,pari,janaH,Tp,T,T
1591,xik,banXam,T6,T,T
1592,sawya,niRTa,Bv,B,B
1593,pUrva,kqwam,T2,T,T
1594,nis,wejAH,Bvp,B,B
1595,awi,premNA,Tp,T,T
1596,prabala,prawApI,K3,K,T
1597,subuxXi,nAmA,Bs6,B,B
1598,nyAya,vqwwaH,Bs6,B,B
1599,ApaH,mUrwAH,Bs6,B,B
1600,manaH,anugAni,Bs6,B,B
1601,alpa,icCuH,Bs6,B,B
1602,xur,GatanAM,Tp,T,T
1603,na,mqwasya,Tn,T,T
1604,apaXyAna,malaH,Bs6,B,B
1605,aXi,gacCawi,Tp,T,T
1606,xur,vqwwaH,Bvp,B,B
1607,waw,spqRtaH,T3,T,T
1608,na,jAnanwI,Tn,T,T
1609,purA,vixaH,A1,A,A
1610,sva,samaye,K1,K,T
1611,buxXa,avawAram,T6,T,T
1612,yaWA,kaWaFcix,A1,A,A
1613,svAxu,xrumaM,K1,K,T
1614,SrImaw,Urjiwam,T6,T,T
1615,xAna,sakweRu,T7,T,T
1616,nir,maryAxA,Bs5,B,B
1617,raNa,pANdiwyam,T7,T,T
1618,xakRiNa,pAxam,K1,K,T
1619,gawa,safgasya,Bs6,B,B
1620,kqwa,prajFAH,Bs6,B,B
1621,yAjFavalkya,purohiwaH,Bs6,B,B
1622,Safkiwa,varNaH,Bs6,B,B
1623,sarva,priyaH,T6,T,T
1624,Aloka,viSAlA,Bv,B,B
1625,sapwa,afge,Bs6,B,B
1626,meGa3,upamAH,Bs6,B,B
1627,kAma,nERTikAn,Bs7,B,B
1628,roRa,anviwa,T3,T,T
1629,SawaGnI,Xenu,K1,K,T
1630,awi,xoRam,Tp,T,T
1631,kqwa,Axyam,Bs6,B,B
1632,puRpa,varRAm,T6,T,T
1633,cinwya,Awmane,K1,K,T
1634,pari,rakRanwaH,Tp,T,T
1635,vi,kalpAH,Tp,T,T
1636,vIwa,SokaH,Bs6,B,B
1637,sa,anurAgam,BvS,B,B
1638,vi,XUmAyAM,Tp,T,T
1639,buxXa,AwmanAM,Bs6,B,B
1640,na,svIkqwya,Tn,T,T
1641,xur,manA,Bs6,B,B
1642,svalpa,buxZXiwarAH,Bs6,B,B
1643,nir,janAni,Bvp,B,B
1644,upAya,nirxeSane,T6,T,T
1645,aXas,muKa,Bs6,B,B
1646,rAma,bANEH,T6,T,T
1647,kalaBa,upamAH,Bs6,B,B
1648,pra,xawwA,Tp,T,T
1649,vIwa,BIH,Bs5,B,B
1650,a,vaSEH,Bs6,B,B
1651,awi,paruRam,A1,A,A
1652,jyeRTa,rAjFIm,K1,K,T
1653,xugXa,muKa,Bvs,B,B
1654,paFca,Awmake,Bvsp,B,B
1655,wrE,lokyasya,Tds,T,T
1656,wri,guNaM,Bvsp,B,B
1657,prApwa,vayaskAm,Bs3,B,B
1658,buxXi,inxriyANAm,T4,T,T
1659,sa,pANdavaHn,BvS,B,B
1660,prAXyApaka,mahoxayA,K7,K,T
1661,gqhIwa,avaguNTanA,Bs3,B,B
1662,xur,viceRtiwam,K1,K,T
1663,Bagavaw,xxaRtiH,T6,T,T
1664,gvAla,bAlakaH,K1,K,T
1665,rASi,varjyeRu,Bs7,B,B
1666,sa,AxaraM,BvS,B,B
1667,niH,svArWam,BvP,B,B
1668,mahaw,iRvAsA,Bs6,B,B
1669,svAyamBuva,AxyAH,Bs6,B,B
1670,sAhasa,prakqwI,Bs6,B,B
1671,inXana,vikrewuH,T6,T,T
1672,sa,karuNasya,BvS,B,B
1673,vrawa,AxInAm,Bs6,B,B
1674,hiraNya,jyowiH,Bs6,B,B
1675,nara,siMhaM,K5,K,T
1676,maxIya,mAnase,K1,K,T
1677,mukwa,safgaH,Bs3,B,B
1678,awi,xAruNAn,Tg,T,T
1679,xIna,manA,Bs6,B,B
1680,sa,mOnaM,BvS,B,B
1681,uxXqwa,maryAxEH,Bs3,B,B
1682,a,vicArya,Tp,T,T
1683,yaWA,yogaM,A1,A,A
1684,hEhaya,anvayaH,Bs6,B,B
1685,viRtara,SravasAn,BsU,B,B
1686,Awma,SuxXaye,T6,T,T
1687,pra,kRipawa,Tp,T,T
1688,parama,xuHKAnAM,Bs6,B,B
1689,lavaNa,abXO,K7,K,T
1690,kqwa,sneha,Bs4,B,B
1691,krIwa,ullAsA,Bs3,B,B
1692,sa,SarIram,Bvs,B,B
1693,praXAna,AcAryasya,K1,K,T
1694,sarva,pANdavAHn,K1,K,T
1695,a,gopAH,Bs6,B,B
1696,Kadga,haswaH,Bv,B,B
1697,SIGra,aswraH,Bs6,B,B
1698,nawa,parvaNA,Bs6,B,B
1699,gaMgA,waraMgeRu,T6,T,T
1700,sa,purohiwAH,BvS,B,B
1701,payas,muKam,Bv,B,B
1702,aSma,kuttEH,Bs6,B,B
1703,suKa,pUrNam,T3,T,T
1704,a,peyaM,Tn,T,T
1705,muRti,prakRepEH,T3,T,T
1706,sa,SawruGnaH,BvS,B,B
1707,prODA3,sulaBAni,T6,T,T
1708,Aryapuwra,virahiwA,T3,T,T
1709,pApa,karmaNaH,Bs6,B,B
1710,jAwa,xarpaH,Bs6,B,B
1711,nir,vikAravAn,Bs6,B,B
1712,manuRya,vANyA,T6,T,T
1713,sa,praSrayam,BvS,B,B
1714,anu,jAwaM,Tp,T,T
1715,ananwa,vIryaH,Bs6,B,B
1716,aXigawa,vijayAm,Bs3,B,B
1717,yaWA,arWavaw,A1,A,A
1718,hiraNya,garBaM,Bs6,B,B
1719,kqwa,buxZXInAM,Bs6,B,B
1720,baxarika,AkArAH,Bs6,B,B
1721,BikRA,pAwram,T6,T,T
1722,yuxXa,kuSalAH,T7,T,T
1723,vi,XavAnAM,Bs6,B,B
1724,puNya,SIlaH,Bs6,B,B
1725,na,avasWA,Tn,T,T
1726,iwi,AxIni,Bs6,B,B
1727,nava,vaXvA,K1,K,T
1728,xvi,wrA,Bss,B,B
1729,Baxra,janaH,K1,K,T
1730,miRta,anne,K1,K,T
1731,Rat,paxaH,Bvsp,B,B
1732,sva,mAnase,T6,T,T
1733,A,rAwri,A1,A,A
1734,sarva,avasWAsu,K1,K,T
1735,niwya,SaswraH,Bs6,B,B
1736,yaWA,prakqwi,A1,A,A
1737,puruRa,vyAGra,K5,K,T
1738,yaw,praBAvaH,Bs6,B,B
1739,kRINa,balaH,Bs6,B,B
1740,arXa,uwwarA,K1,K,T
1741,alpa,PalA,Bs7,B,B
1742,rAhu,praBqwayaH,Bs6,B,B
1743,mahenxra,AxayaH,Bs6,B,B
1744,sura,qRiNA,T6,T,T
1745,AcAra,lakRaNAH,Bs6,B,B
1746,nava,vaswUni,K1,K,T
1747,yuga,AKyAM,Bs6,B,B
1748,prAf,muKam,Bs6,B,B
1749,hIna,piwwasya,Bs6,B,B
1750,a,marRAw,Tn,T,T
1751,mahaw,AwmAnam,Bs6,B,B
1752,xUwa,SawAni,T6,T,T
1753,sam,Agawam,Tp,T,T
1754,mahaw,qRim,K1,K,T
1755,aXyAwma7,SIlinA,Bs6,B,B
1756,sahasra,kavacam,Bs6,B,B
1757,Aswikya,buxXiM,T3,T,T
1758,yawna,kqwaM,T3,T,T
1759,sawwva,vIryAH,Bs6,B,B
1760,arIvehU,nAmnI,Bs6,B,B
1761,sAXu,vacaneRu,T6,T,T
1762,eka,rAwreNa,K1,K,T
1763,waw,manAH,Bs6,B,B
1764,uRNa,vAriNA,K1,K,T
1765,BUwa,viSiRtAH,T3,T,T
1766,agni,sAkRi,K6,K,T
1767,prahqRta,vaxanaH,Bs6,B,B
1768,hArixra,varNaM,Bs6,B,B
1769,an,iRtAn,Tn,T,T
1770,manxa,rujaM,K1,K,T
1771,nis,SabxaM,A1,A,A
1772,hqRta,manasaH,Bs6,B,B
1773,sixXa,arWasya,Bs6,B,B
1774,baxXa,parikarasya,Bs6,B,B
1775,manyu,pafkAm,Bs6,B,B
1776,Sawru,saMGAwaM,T6,T,T
1777,xus,karmA,Bs6,B,B
1778,niH,safgaH,Bs6,B,B
1779,puruRa,uciwA,T4,T,T
1780,sa,sanwoRam,BvS,B,B
1781,upavAsa,vrawam,Ds,D,D
1782,su,kumAra,Tp,T,T
1783,pra,caliwA,Tp,T,T
1784,apekRiwa,rUpeNa,K1,K,T
1785,vipula,SroNI,Bs6,B,B
1786,xuHKa,anwam,Bs6,B,B
1787,na,Bexyena,Tn,T,T
1788,alpa,vayaskA,Bs6,B,B
1789,XUwa,pApmAnaM,Bs6,B,B
1790,kapata,miwram,K1,K,T
1791,Awma,pariwyAgaH,T6,T,T
1792,rAjan,jyowiRiNA,T6,T,T
1793,sa,suKam,Bvs,B,B
1794,gocara,BUmiH,K1,K,T
1795,vAwa,upamaH,Bs6,B,B
1796,waw,avaboXanAya,T6,T,T
1797,canxanaxAsa,nAmA,Bs6,B,B
1798,saha,parivAra,Bvs,B,B
1799,cOrya,rUpasya,Bs6,B,B
1800,an,AhiwAgnayaH,Bs6,B,B
1801,sura,inxrasya,T6,T,T
1802,sEnya,Axi,Bs6,B,B
1803,sa,SarkaraM,BvS,B,B
1804,upahAsa,miSriwena,T3,T,T
1805,kalaha,priyAH,Bs6,B,B
1806,subAhu,mArIcO,Di,D,D
1807,puwra,pOwrAn,Di,D,D
1808,rAma,lakRmaNAByAm,Di,D,D
1809,kRuw,pipAsayoH,Di,D,D
1810,Inxra,ISAnayoH,Di,D,D
1811,Pala,mUlAH,Di,D,D
1812,vrIhi,yavaM,Di,D,D
1813,go3,brAhmaNAnAm,Di,D,D
1814,japa,homAn,Di,D,D
1815,Agama,anugamaM,Di,D,D
1816,guNa,prakqwInAm,Di,D,D
1817,raja,wamoByAM,Di,D,D
1818,nara,nArAyaNayoH,Di,D,D
1819,suKa,xuHKayoH,Di,D,D
1820,wvak,mAMsayoH,Di,D,D
1821,mArkaNdeya,ASvalAyanO,Di,D,D
1822,vyakwa,avyakwe,Di,D,D
1823,xvA,xaSaBiH,Di,D,D
1824,priya,xveRyANi,Di,D,D
1825,BUwIka,paFcamUlAByAM,Di,D,D
1826,niSaTa,unmukO,Di,D,D
1827,xeha,sawwvayoH,Di,D,D
1828,pOra,jAnapaxAH,Di,D,D
1829,priyavrawa,uwwAnapAxO,Di,D,D
1830,pAyU,upasWO,Di,D,D
1831,vyAna,uxAnO,Di,D,D
1832,gavya,mAhiRe,Di,D,D
1833,elA,guruNI,Di,D,D
1834,upoxikA,xaXiByAM,Di,D,D
1835,Suka,sAraNO,Di,D,D
1836,kara,xehayoH,Di,D,D
1837,Ahava,AwapAH,Di,D,D
1838,caNdIprasAxa,saxAnanxO,Di,D,D
1839,jaya,vijayayoH,Di,D,D
1840,alaMkaraNa,BojyaM,Di,D,D
1841,SuBa,aSuBena,Di,D,D
1842,krimi,kuRTinAm,Di,D,D
1843,wvak,jihvA,Di,D,D
1844,kAka,mqgO,Di,D,D
1845,sukqwa,xuRkqwe,Di,D,D
1846,kaWA,kAvyAya,Di,D,D
1847,nAraxa,parvawayoH,Di,D,D
1848,gawa,Agawam,Di,D,D
1849,go,brAhmaNAnAm,Di,D,D
1850,suKa,xuHKeRu,Di,D,D
1851,somasunxara,vijayaxevayoH,Di,D,D
1852,Sabxa,sparSO,Di,D,D
1853,baswi,mehanayoH,Di,D,D
1854,anwarxXi,pAlinO,Di,D,D
1855,hari,SafkarayoH,Di,D,D
1856,vAsanA,snehayoH,Di,D,D
1857,akRi,xanwe,Di,D,D
1858,anna,pAne,Di,D,D
1859,Barawa,SawruGnayoH,Di,D,D
1860,mqga,SUkarO,Di,D,D
1861,buxZXi,newrEH,Di,D,D
1862,agnin,mAruwOn,Di,D,D
1863,paMca,RANAm,Di,D,D
1864,sura,xAnavEH,Di,D,D
1865,rasa,malAByAM,Di,D,D
1866,vAk,manoByAM,Di,D,D
1867,XAwA,viXAwArO,Di,D,D
1868,kIta,pawaMgeRu,Di,D,D
1869,yakRa,rAkRasAn,Di,D,D
1870,yamala,arjunayoH,Di,D,D
1871,uxaya,aswamane,Di,D,D
1872,bAlaka,bAlikAH,Di,D,D
1873,iRtikA,praswarANAm,Di,D,D
1874,pIwa,rakwABiH,Di,D,D
1875,sixZXa,sAXyayoH,Di,D,D
1876,AkAra,prakAreNa,Di,D,D
1877,ahalyA,gOwamayoH,Di,D,D
1878,piwq,pEwAmahaM,Di,D,D
1879,sruk,sruvO,Di,D,D
1880,puNya,pApayoH,Di,D,D
1881,pawi,pawnyO,Di,D,D
1882,SiSna,uxaraM,Di,D,D
1883,maXu,payoByAM,Di,D,D
1884,kAma,xveRAw,Di,D,D
1885,sapwalA,SafKinIRu,Di,D,D
1886,rasaH,sparSe,Di,D,D
1887,rAmanAWa,guNaSIlAByAm,Di,D,D
1888,niSvAsa,ucCvAsA,Di,D,D
1889,sahaxeva,ramAnAWO,Di,D,D
1890,hikkA,SvAsO,Di,D,D
1891,svAxu,amlO,Di,D,D
1892,praBava,apyayaH,Di,D,D
1893,vAyuH,pAvakO,Di,D,D
1894,ahaH,kRape,Di,D,D
1895,galaSAlUka,SuNdike,Di,D,D
1896,canxran,AxiwyOn,Di,D,D
1897,Xarma,mImAMsA,Di,D,D
1898,wApasa,ASramiNAM,Di,D,D
1899,mAwq,mAwulO,Di,D,D
1900,kargaxa,leKanIH,Di,D,D
1901,lAlana,pAlanAByAm,Di,D,D
1902,kampillaka,AragvaXayoH,Di,D,D
1903,guNa,xoRAH,Di,D,D
1904,kula,anvayaH,Di,D,D
1905,praWama,maXyamO,Di,D,D
1906,snigXa,sWavirO,Di,D,D
1907,brAmhaNa,kRawriyANAM,Di,D,D
1908,jaya,vijayO,Di,D,D
1909,go,mahiRIBiH,Di,D,D
1910,xiv,pqWivyoH,Di,D,D
1911,cawur,xaSa,Di,D,D
1912,loka,vexayoH,Di,D,D
1913,yamala,arjunO,Di,D,D
1914,hari,harO,Di,D,D
1915,sixXi,asixXyoH,Di,D,D
1916,kamala,uwpale,Di,D,D
1917,sneha,virecanEH,Di,D,D
1918,sAMvawsarika,purohiwO,Di,D,D
1919,aha,rAwra,Di,D,D
1920,piwA,puwrO,Di,D,D
1921,acyuwa,yuXiRTirO,Di,D,D
1922,rAga,roRO,Di,D,D
1923,xAna,xakRiNAm,Di,D,D
1924,puwra,pOwrANAM,Di,D,D
1925,ninxA,praSaMsAByAM,Di,D,D
1926,saw,asaw,Di,D,D
1927,soma,ISayoH,Di,D,D
1928,piwq,pEwAmahe,Di,D,D
1929,Xarma,aXarmasya,Di,D,D
1930,yoga,kRemAn,Di,D,D
1931,yoga,nyAyEH,Di,D,D
1932,uwwama,aXamayoH,Di,D,D
1933,walavara,AnXrakAH,Di,D,D
1934,Axi,maXyaM,Di,D,D
1935,SruwakIrwi,SawruGnayoH,Di,D,D
1936,priya,xveRye,Di,D,D
1937,vAxi,prawivAxinoH,Di,D,D
1938,vAwa,varRe,Di,D,D
1939,sura,qRiBiH,Di,D,D
1940,maSaka,uxumbarO,Di,D,D
1941,kAka,ulUkaM,Di,D,D
1942,kRINa,vqxXAnAM,Di,D,D
1943,swrI,puruRayoH,Di,D,D
1944,Suka,sArikANAm,Di,D,D
1945,vyAsa,samAsinyA,Di,D,D
1946,sinXu,sOvIrAH,Di,D,D
1947,BerI,mqxafgapaNavAn,Di,D,D
1948,muxgaparNI,mARaparNyO,Di,D,D
1949,xxeSa,kAlasya,Di,D,D
1950,SaSi,sUryayoH,Di,D,D
1951,ASrama,AraNyaM,Di,D,D
1952,yoga,kRemaM,Di,D,D
1953,kAmali,uxariNAM,Di,D,D
1954,janavAxa,mqRAvAxaH,Di,D,D
1955,go,brAhmaNe,Di,D,D
1956,varma,kuNdale,Di,D,D
1957,rUpa,ganXAnAm,Di,D,D
1958,xuRyanwa,SakunwalayoH,Di,D,D
1959,mUla,PalEH,Di,D,D
1960,xeva,manuRyeRu,Di,D,D
1961,pawi,pawnyoH,Di,D,D
1962,anupamA,rAmaSAswriNoH,Di,D,D
1963,wila,waNdulAH,Di,D,D
1964,aSmakan,sumanwunA,Di,D,D
1965,vinASa,praBava,Di,D,D
1966,lakRaNa,uxxeSaH,Di,D,D
1967,vana,xurgANi,Di,D,D
1968,prANa,janmanI,Di,D,D
1969,anala,uxake,Di,D,D
1970,maXu,mAMsEH,Di,D,D
1971,xrupaxan,xrOpaxeyAnAMn,Di,D,D
1972,lakRmaNa,sIwAByAm,Di,D,D
1973,pANi,pAxaM,Di,D,D
1974,rAsnA,guruNI,Di,D,D
1975,kuberan,xroNayoHn,Di,D,D
1976,guru,SiRyayo,Di,D,D
1977,rasa,pAkayoH,Di,D,D
1978,Axiwya,canxrO,Di,D,D
1979,praBava,pralayO,Di,D,D
1980,sawya,manyuByAM,Di,D,D
1981,mAnuRa,cAraNAH,Di,D,D
1982,Kadga,aSvayoH,Di,D,D
1983,miWyA,sawyayo,Di,D,D
1984,nata,natIByAM,Di,D,D
1985,xEva,lOkike,Di,D,D
1986,svAmi,sacivAnAm,Di,D,D
1987,yuXiRTira,XanaMjayO,Di,D,D
1988,SawruGna,BarawO,Di,D,D
1989,xeva3,asurEH,Di,D,D
1990,Bava,apyayO,Di,D,D
1991,priya,apriye,Di,D,D
1992,hiwa,ahiwO,Di,D,D
1993,rAjasUya,aSvameXAxIn,Di,D,D
1994,cakiwa,cakiwO,Di,D,D
